L_loc1,L_loc2,L_lin,IL_4G
4.700,4.000,4.800,-63.049
4.700,4.000,5.020,-66.808
4.700,4.000,5.240,-53.505
4.700,4.000,5.460,-51.292
4.700,4.000,5.680,-66.545
4.700,4.000,5.900,-63.819
4.700,4.200,4.800,-40.659
4.700,4.200,5.020,-40.481
4.700,4.200,5.240,-2.029
4.700,4.200,5.460,-32.576
4.700,4.200,5.680,-42.430
4.700,4.200,5.900,-34.700
4.700,4.400,4.800,-32.078
4.700,4.400,5.020,-6.397
4.700,4.400,5.240,-28.048
4.700,4.400,5.460,-28.236
4.700,4.400,5.680,-29.398
4.700,4.400,5.900,-27.231
4.700,4.600,4.800,-24.503
4.700,4.600,5.020,-39.296
4.700,4.600,5.240,-33.220
4.700,4.600,5.460,-21.414
4.700,4.600,5.680,-35.104
4.700,4.600,5.900,-38.883
4.700,4.800,4.800,-47.727
4.700,4.800,5.020,-53.105
4.700,4.800,5.240,-42.123
4.700,4.800,5.460,-32.929
4.700,4.800,5.680,-52.061
4.700,4.800,5.900,-50.796
4.700,5.000,4.800,-45.010
4.700,5.000,5.020,-46.733
4.700,5.000,5.240,-27.817
4.700,5.000,5.460,-35.545
4.700,5.000,5.680,-47.559
4.700,5.000,5.900,-42.567
4.880,4.000,4.800,-35.877
4.880,4.000,5.020,-35.543
4.880,4.000,5.240,-25.542
4.880,4.000,5.460,-31.382
4.880,4.000,5.680,-37.027
4.880,4.000,5.900,-31.986
4.880,4.200,4.800,-12.166
4.880,4.200,5.020,-8.993
4.880,4.200,5.240,-1.643
4.880,4.200,5.460,-9.278
4.880,4.200,5.680,-12.085
4.880,4.200,5.900,-4.674
4.880,4.400,4.800,-2.691
4.880,4.400,5.020,-0.423
4.880,4.400,5.240,-0.289
4.880,4.400,5.460,-2.844
4.880,4.400,5.680,-0.741
4.880,4.400,5.900,-1.288
4.880,4.600,4.800,-5.517
4.880,4.600,5.020,-9.468
4.880,4.600,5.240,-3.238
4.880,4.600,5.460,-1.065
4.880,4.600,5.680,-8.540
4.880,4.600,5.900,-7.828
4.880,4.800,4.800,-21.368
4.880,4.800,5.020,-22.091
4.880,4.800,5.240,-12.703
4.880,4.800,5.460,-16.302
4.880,4.800,5.680,-22.986
4.880,4.800,5.900,-19.015
4.880,5.000,4.800,-17.047
4.880,5.000,5.020,-15.236
4.880,5.000,5.240,-5.716
4.880,5.000,5.460,-13.398
4.880,5.000,5.680,-17.556
4.880,5.000,5.900,-11.084
5.060,4.000,4.800,-33.195
5.060,4.000,5.020,-37.614
5.060,4.000,5.240,-30.723
5.060,4.000,5.460,-26.085
5.060,4.000,5.680,-36.553
5.060,4.000,5.900,-36.025
5.060,4.200,4.800,-10.794
5.060,4.200,5.020,-12.236
5.060,4.200,5.240,-3.251
5.060,4.200,5.460,-5.242
5.060,4.200,5.680,-12.818
5.060,4.200,5.900,-9.269
5.060,4.400,4.800,-3.584
5.060,4.400,5.020,-0.267
5.060,4.400,5.240,-1.580
5.060,4.400,5.460,-1.228
5.060,4.400,5.680,-3.049
5.060,4.400,5.900,-0.626
5.060,4.600,4.800,-1.749
5.060,4.600,5.020,-9.658
5.060,4.600,5.240,-7.353
5.060,4.600,5.460,-0.233
5.060,4.600,5.680,-5.983
5.060,4.600,5.900,-10.050
5.060,4.800,4.800,-18.148
5.060,4.800,5.020,-23.715
5.060,4.800,5.240,-17.974
5.060,4.800,5.460,-11.096
5.060,4.800,5.680,-22.033
5.060,4.800,5.900,-22.614
5.060,5.000,4.800,-15.072
5.060,5.000,5.020,-17.929
5.060,5.000,5.240,-9.561
5.060,5.000,5.460,-8.677
5.060,5.000,5.680,-17.719
5.060,5.000,5.900,-15.634
5.240,4.000,4.800,-49.322
5.240,4.000,5.020,-48.154
5.240,4.000,5.240,-22.607
5.240,4.000,5.460,-43.156
5.240,4.000,5.680,-50.519
5.240,4.000,5.900,-42.361
5.240,4.200,4.800,-25.587
5.240,4.200,5.020,-19.982
5.240,4.200,5.240,-2.935
5.240,4.200,5.460,-21.828
5.240,4.200,5.680,-25.159
5.240,4.200,5.900,-8.799
5.240,4.400,4.800,-13.963
5.240,4.400,5.020,-9.326
5.240,4.400,5.240,-6.005
5.240,4.400,5.460,-14.974
5.240,4.400,5.680,-5.888
5.240,4.400,5.900,-12.452
5.240,4.600,4.800,-16.953
5.240,4.600,5.020,-22.571
5.240,4.600,5.240,-8.158
5.240,4.600,5.460,-0.148
5.240,4.600,5.680,-21.668
5.240,4.600,5.900,-19.739
5.240,4.800,4.800,-34.681
5.240,4.800,5.020,-34.941
5.240,4.800,5.240,-13.894
5.240,4.800,5.460,-27.203
5.240,4.800,5.680,-36.512
5.240,4.800,5.900,-30.073
5.240,5.000,4.800,-30.535
5.240,5.000,5.020,-27.267
5.240,5.000,5.240,-0.188
5.240,5.000,5.460,-25.737
5.240,5.000,5.680,-30.900
5.240,5.000,5.900,-19.551
5.420,4.000,4.800,-34.658
5.420,4.000,5.020,-35.513
5.420,4.000,5.240,-27.032
5.420,4.000,5.460,-29.893
5.420,4.000,5.680,-36.264
5.420,4.000,5.900,-32.713
5.420,4.200,4.800,-11.230
5.420,4.200,5.020,-9.432
5.420,4.200,5.240,-2.124
5.420,4.200,5.460,-7.921
5.420,4.200,5.680,-11.670
5.420,4.200,5.900,-5.771
5.420,4.400,4.800,-2.557
5.420,4.400,5.020,-0.091
5.420,4.400,5.240,-0.431
5.420,4.400,5.460,-2.091
5.420,4.400,5.680,-1.095
5.420,4.400,5.900,-0.890
5.420,4.600,4.800,-4.284
5.420,4.600,5.020,-8.931
5.420,4.600,5.240,-4.137
5.420,4.600,5.460,-0.862
5.420,4.600,5.680,-7.413
5.420,4.600,5.900,-7.917
5.420,4.800,4.800,-20.065
5.420,4.800,5.020,-21.917
5.420,4.800,5.240,-14.152
5.420,4.800,5.460,-14.897
5.420,4.800,5.680,-22.113
5.420,4.800,5.900,-19.558
5.420,5.000,4.800,-15.967
5.420,5.000,5.020,-15.436
5.420,5.000,5.240,-6.821
5.420,5.000,5.460,-11.943
5.420,5.000,5.680,-16.963
5.420,5.000,5.900,-12.069
5.600,4.000,4.800,-34.240
5.600,4.000,5.020,-40.307
5.600,4.000,5.240,-33.167
5.600,4.000,5.460,-24.025
5.600,4.000,5.680,-38.629
5.600,4.000,5.900,-38.910
5.600,4.200,4.800,-12.407
5.600,4.200,5.020,-15.020
5.600,4.200,5.240,-3.905
5.600,4.200,5.460,-4.658
5.600,4.200,5.680,-15.185
5.600,4.200,5.900,-11.947
5.600,4.400,4.800,-5.521
5.600,4.400,5.020,-0.928
5.600,4.400,5.240,-3.353
5.600,4.400,5.460,-1.490
5.600,4.400,5.680,-5.290
5.600,4.400,5.900,-1.056
5.600,4.600,4.800,-0.822
5.600,4.600,5.020,-11.809
5.600,4.600,5.240,-10.002
5.600,4.600,5.460,-0.001
5.600,4.600,5.680,-6.690
5.600,4.600,5.900,-12.672
5.600,4.800,4.800,-18.800
5.600,4.800,5.020,-26.328
5.600,4.800,5.240,-20.588
5.600,4.800,5.460,-8.567
5.600,4.800,5.680,-23.927
5.600,4.800,5.900,-25.474
5.600,5.000,4.800,-16.473
5.600,5.000,5.020,-20.696
5.600,5.000,5.240,-11.395
5.600,5.000,5.460,-7.534
5.600,5.000,5.680,-19.973
5.600,5.000,5.900,-18.484
